<application>
  <component name="FileTypeManager" version="17">
    <extensionMap>
      <mapping ext="klib" type="ARCHIVE" />
      <mapping pattern="*.cfg.erb" type="Context Free Grammar" />
      <mapping ext="cfg" type="Context Free Grammar" />
      <removed_mapping ext="cfg" approved="true" type="Ini" />
      <mapping pattern="PRODUCE_SAM_MERGE_FILE" type="PLAIN_TEXT" />
      <mapping pattern="install_dependencies" type="PLAIN_TEXT" />
      <mapping pattern="apollo-shim-static-replacements" type="PLAIN_TEXT" />
      <mapping pattern="000InstallPackages" type="PLAIN_TEXT" />
      <mapping pattern="000Remove890AaaClientBootstrapperClockSkewCheck" type="PLAIN_TEXT" />
      <mapping pattern="d" type="PLAIN_TEXT" />
      <mapping ext="devenv" type="PLAIN_TEXT" />
      <mapping ext="config" type="PLAIN_TEXT" />
      <removed_mapping ext="cfg" approved="true" type="PLAIN_TEXT" />
      <removed_mapping ext="erb" approved="true" type="PLAIN_TEXT" />
    </extensionMap>
  </component>
</application>