<application>
  <component name="MaterialThemeConfig">
    <option name="compactDropdowns" value="true" />
    <option name="highlightColorEnabled" value="true" />
    <option name="isCompactMenus" value="true" />
    <option name="isCompactStatusBar" value="true" />
    <option name="isCompactTables" value="true" />
    <option name="isContrastMode" value="true" />
    <option name="isHighContrast" value="true" />
    <option name="isWizardShown" value="true" />
    <option name="pristineConfig" value="false" />
    <option name="accentColor" value="3892b1" />
    <option name="selectedTheme" value="DARKER" />
    <option name="userId" value="3494181:16defd66025:-8000" />
    <option name="version" value="3.5.0.1" />
  </component>
</application>